DST_TO_SRC_IAT_MIN,SERVER_TCP_FLAGS,NUM_PKTS_UP_TO_128_BYTES,IN_PKTS,PROTOCOL,LONGEST_FLOW_PKT,DST_TO_SRC_IAT_MAX,IN_BYTES,TCP_WIN_MAX_IN,TCP_WIN_MAX_OUT,SHORTEST_FLOW_PKT,L7_PROTO,RETRANSMITTED_OUT_BYTES,NUM_PKTS_1024_TO_1514_BYTES,SRC_TO_DST_IAT_STDDEV,RETRANSMITTED_OUT_PKTS,OUT_BYTES,FLOW_DURATION_MILLISECONDS,DST_TO_SRC_IAT_AVG,RETRANSMITTED_IN_BYTES,NUM_PKTS_128_TO_256_BYTES,SRC_TO_DST_AVG_THROUGHPUT,MIN_IP_PKT_LEN,SRC_TO_DST_IAT_AVG,SRC_TO_DST_IAT_MAX,DST_TO_SRC_IAT_STDDEV,NUM_PKTS_512_TO_1024_BYTES,CLIENT_TCP_FLAGS,TCP_FLAGS,MAX_IP_PKT_LEN,NUM_PKTS_256_TO_512_BYTES,RETRANSMITTED_IN_PKTS,OUT_PKTS,DST_TO_SRC_AVG_THROUGHPUT,SRC_TO_DST_IAT_MIN,target
0.4965794970152626,-0.14099019450856184,0.6424872592664085,1.5193867636844065,-0.23840324229860774,-0.24246323245755214,1.581362141168781,0.7745189878053383,-0.46530666723125064,0.5486005823716449,-0.4652995049323857,-0.4669384912834959,0.2531051531498846,-1.8914565420938234,-1.7286609958947785,-0.5645150797115699,-1.0067986457647917,0.32506643184510237,-0.905493027383977,-1.4092366623317822,1.4614518400322327,-0.22636407291638477,0.07095915817367819,-1.4205678246423497,-0.5420423066303451,0.11592229580833502,-1.1611435249044604,0.3774789320310169,-0.6008690533940738,-0.2951224090191665,-0.5973205861136371,1.8573784169609568,-0.006617100161712304,-1.0516300494933908,0.8074972769387877,9
-1.2253553313562981,0.20645946168138535,-1.9536554679379068,-1.3336344375962652,0.19425316795329273,0.724162479807324,0.17147760026327075,-0.11255877232323816,-0.29751184747240034,-1.4644018309612814,-0.7210771332611463,-0.4618501421111737,1.068556541000676,0.34993353966125584,-1.7669713191376724,0.3236971631262056,-0.3819145131401066,-0.6660596932946932,0.6099042862304799,1.0345531643575605,0.9283700869618086,-0.8372201398686827,-0.30497341045796306,0.33847198625389346,0.9762616510801573,-0.4716418333212465,-0.19270101612995996,-1.1015960891234708,-1.196139358010131,0.809725285467723,1.3603833020780958,-0.06706391117971817,1.0115312788068762,0.3710833871509875,-0.6535802068003682,6
0.3609161036405696,1.5368644710128672,-0.03808707998298733,1.5610269115771505,-2.6330820503685786,0.807085589551999,0.0870342034866639,-0.29674729059821037,0.09400892823090538,-1.971413753172698,-0.22217049867491495,0.35547819801584135,1.4894787924241597,-0.50603243477644,-0.8077174163869647,-0.5038588892680458,0.9126351752610071,0.33956957665050475,-0.5283002145532089,0.5167179645988297,0.0961764908931685,0.9630237038977079,-0.6969715859115417,-0.3215898906117476,-0.38993042569199027,-1.4517577485392703,0.2906293325280416,0.26306499989493387,0.0045803741557875815,-0.237983308174823,-1.4108838352028559,-0.4157270174913858,-0.33619637663038965,-0.7955905386111873,-0.17191771124523086,6
0.4036800576160482,1.8853365125639339,0.17141168900476186,0.25310603809434407,-0.0780874335424249,-1.9167433764500945,-0.026691293223181495,0.06411533078056403,2.4573791948149593,-0.18338245374401357,0.2977297863240934,-0.03614346225601727,-1.1580394833325023,1.14364626902998,0.7604044696160643,0.7916148603376635,-0.9038270413493752,1.4135659574686248,-1.3979217373126154,0.5903222812395639,2.184513176149696,-0.987901256108648,-0.5615073820707098,0.10646051136027777,-0.5011789414166755,-1.5385321897648538,0.06233940640701415,-1.057652710287724,0.47282523013064254,-0.9232099705530815,1.5540536636644724,-0.7783640105839221,-0.31552066769132375,0.8240363753333553,-1.2366958257313578,7
0.22663911098800746,1.3057566385876205,-1.6029835620534416,0.1801433375580311,0.2575147849536737,0.7672522947554578,-1.238882085895584,-1.3228172207480353,0.5227183895952533,0.30400694150477914,0.24680448771953323,0.34481935240917755,-0.669211465629842,0.23933419764593203,0.29928103747686136,-0.7168947624073596,1.8586705814345177,0.4846450633926766,-1.1879703398103025,0.6600326766766387,-0.9730016576541559,0.7822284464572802,1.1596864728450307,-0.8154602619632599,0.9641056545836345,0.41648505559794236,0.818262486140282,1.8955379618385972,-0.24579601265428605,-0.7574276509695017,-0.8850927201581542,-0.8109236091089116,-0.07029151995245965,0.35055075175953154,0.2640930704670131,2
0.8278907606929675,0.010416210298013054,1.444866335830739,-0.2694318302757907,2.727172759159327,0.6120565352410774,-0.858538600400544,-1.072124167807448,0.4833842337549722,-0.21435993944909387,0.7091392254531343,0.4715431824881416,-0.0617985741401446,-0.8322984599860676,-1.5175544239941343,-0.44850207547005977,0.8539011112423125,0.22491720934678888,-1.2422514871335295,0.17656372646116655,0.3837221658501216,-0.8816719319238551,0.1569711891884594,0.06494639802515084,-1.1399903477829771,0.3617275216623545,0.5561456720202388,1.0834203593661673,1.0527448971587705,-1.3817157716240054,-0.9333973407407714,0.5200284653370302,0.521245839784791,0.5248589183518934,3.824083750591446,0
0.5709448857739363,1.134020486116231,0.9474828335021473,0.6471962657346985,-0.3198280947984165,0.7445391067902061,-0.7740840585708955,-0.2342772274574089,-0.48114148415024527,0.089756348756669,2.3057468330577566,-1.8677489510284744,0.6975619158301268,-1.5929575199162964,-0.4694959236812606,1.0901522034717286,0.06539713908259412,-1.0668649979652571,-0.7133183512703251,0.6830814063974239,-0.7292749924055161,0.21400715680213855,0.04904988416000101,-0.6460867140533468,2.143412293510111,0.6366740252091512,-2.0381068688904915,0.18861293760653997,-0.6619862702108754,0.8496554987881942,-0.7881110545594173,-0.10979365092567604,0.5124374934388403,0.8763982529472025,-1.2062651114609075,7
-0.3367541616585632,-0.4779832810778409,-0.6529339931110401,1.7619646426903592,0.40316640532447945,-1.2628996281360882,0.9190529565840962,2.1353687262799,1.0314959636388643,-1.5050865097888495,-0.4860632091400364,1.264806159610488,-0.6968660931244345,0.44944613838150366,0.7832174405365399,-0.9299152828393793,-0.057843255084462315,-3.230293246284342,-1.0215271082929196,-0.24927014202635833,-1.2454454709209972,1.6239927821896833,-1.423498307387453,-0.43416603093618805,0.13235969210369594,1.4405631235564262,-1.4469292369504294,1.1633729727866273,0.00969742005815699,-0.9853297033565754,0.46635760573591345,0.20402760268615294,-0.5939818691388281,0.07855725982341562,-0.3949401128973278,7
0.11240615026849445,0.6601466838121446,1.5767791809330103,-1.243206667869754,2.1378004784398597,-1.9498551899814387,-0.1521440343533156,0.5945912021591077,0.28259280096676714,-0.6120006569102473,-0.2106500875503314,-0.4941955656712459,-0.5785190885552006,0.8524404403277747,0.3635393853753066,-0.6954084110089032,0.896905045907097,0.3181189230004083,0.810520456013647,0.6331025476895219,-0.8276658491824114,-0.5593595686520848,0.7492666361917648,0.618060132269726,-0.019120464349442565,0.12229960000228106,1.275334047643557,-0.5878599141837905,0.5462934472488935,-0.20557040001459154,-0.21334278983379815,1.1038167734033821,0.8332188852023221,0.8240287759824295,1.2882636646560865,2
0.019656885178986148,0.6799873542822064,-0.3113472505658681,0.31976417889226216,-0.13399673094538547,0.08663447731632509,0.5958804263986242,-0.8183093569509253,2.0877927758855592,-0.9937861399687028,-1.2141705992240535,1.1560621635890458,0.8030021025609965,0.6285075792490147,0.6362074738094042,-0.01333204343288254,-0.8917493268918881,0.08663405181126853,-0.6752843530701251,0.9786622463843426,-0.14737050044089517,-0.8235576334544137,-0.31712076729821387,0.4202808433638982,-0.5613634700613688,-0.813215635281454,0.23802745798005523,0.24700841006192106,-0.507220362309919,-0.4745689828826803,0.23633259161788298,-1.4432482735184882,-1.402116359496229,-0.7115586509573726,-0.22384503994580693,6
0.31029939997738265,1.4741260217863417,0.8515551230235779,-0.16464722282170927,-0.02244658556151968,-1.0061329397611742,-0.01867896046837053,-0.286351765219253,0.32417677766775244,-0.8157144313427624,0.5149778174646787,1.5304964173637903,-0.09774265595261356,0.40762777868630184,0.6983107157286469,-0.4031135313981646,0.2244803038707228,0.023424649988848068,0.0973594939596466,-0.7698154244913987,0.023783876651472174,0.4943603976260895,1.4516070611524394,0.9675623622511484,2.152640791405413,-0.7585783170651769,0.8686847771621385,0.185506840394309,2.1881780724478697,-0.8120208089871235,-0.835306306160749,-0.5944886472929654,-2.1193360487022743,-0.5184124208875475,-0.7670814002111348,5
0.1493765674395495,0.33947502314531497,1.86568506401987,0.946418190196945,-0.5824591107530158,-0.9026581571438784,0.4924929778950766,-1.3225928040760604,1.8277567079263972,1.1829346226229913,-0.4710428937096316,-1.7136980154701176,1.3654127820447335,-0.105076326174575,1.248683884309081,-1.5987986738980884,-0.5952293391233012,0.016076269275061464,0.046807534136707116,-0.4468067952412501,0.6206826791724734,-1.0646605135609577,-0.13849833338455272,0.12714037844914447,0.5156480048963481,0.714036409992904,-1.134707200349977,-1.5285214866804264,1.276507787684604,0.329240312220143,-0.7440823121871941,1.5562281055173932,0.12269678735665383,1.1906839184187326,0.05585956122831994,5
2.0645990535375285,1.7543701708101196,-0.2503083445896857,0.9675786926203358,0.644476341861005,1.3504543316440965,-0.9664606604104886,0.6927675701356714,1.0573664027805203,-1.7434991097168726,-1.1833187677151242,-2.0396269819706117,-0.2584467757938339,0.7212880584944092,1.5145292081883774,0.07318881694579431,1.622593881530341,-1.369208497702497,-1.6985993239799428,-0.05221045137290125,0.3824732500309613,-0.03409620221570567,-2.059432182891901,-0.08263642428617998,-1.3013170043881455,0.6722740974132118,0.36133420635035834,-0.9354731272814163,-0.514140644199716,-1.0630787756982356,-0.058359901546236284,0.960170745259096,-0.9799149176702194,0.5138316544013499,-0.5392335956223895,4
-0.7962938725456205,-0.10972730190694385,-1.033204227921709,-0.5586072828971226,-1.2057987322062318,1.942884191288891,0.03517565143909422,-0.6992781523359886,0.21581004190368736,-0.10366948390097767,-0.22346492651140368,0.6123993588672612,0.7688349076723778,-0.5181793183383671,-0.5738946146248304,-0.27668273961928636,-2.29000597813648,-1.5042922127636624,1.362963912233427,1.6486436319078641,-0.24910356773652562,0.5725880085339572,0.3141583869639889,3.0908275531851728,1.1201375536846054,-0.12189278217445346,-0.9650611240220113,-1.6007092693657254,0.20283142971997725,-0.7600437191698842,-1.4177659493773571,-0.641672662447197,-1.0758422341795624,1.6997329019230298,0.8663268918831742,5
-0.009393441457829492,1.4787181963663876,0.07462034473014931,-0.8664369631589068,1.5255679445500547,0.5258324596899066,-1.038888151787626,-0.18758704039164323,-0.8700614193498857,-1.3690622376389914,0.9207793648955236,1.9069792988511882,-1.3880112088525243,0.5677771998201444,-0.6490879395880924,-0.48919684360770777,-0.5882800983795047,-0.8531203078331544,0.04834420485907616,-0.8277672963152629,0.2691382255683049,-0.05156563257232054,-0.23485978043532146,-0.9024914301180951,-0.5743963086224374,0.7576248694344714,0.4960855895564011,-0.973073389774132,0.09875213794760486,0.7485518084163962,-1.66488687824337,0.548355657664982,-0.6564573692387302,0.5805416594151264,-0.7711893746358703,8
-1.810882146006209,-1.6316487738741203,0.045462950405744905,0.25527952440218293,-0.9111192455776229,0.6249022058189178,-1.6640666502967238,-0.06276605866528819,-1.2043122194410203,-0.6410207664049867,0.04422423847510152,-0.8614179430228482,-0.37363665315184147,1.0080544401985605,-0.5749735381085647,0.8363677719563622,-1.123141022242859,0.5406138804571629,1.43744676744366,-2.4687884370908098,-0.7956433981731663,0.5731010016609768,-0.19903412160997597,0.3784232043854826,-0.6015810894319389,0.0916939300757485,-0.1626227482300881,1.1679820646650352,0.25376317176264196,0.3345319707020768,-0.40751447570517874,-0.48269327841919174,-0.42613883384184226,0.4039773394951555,-0.43045089854138846,9
0.28911283666759613,2.074726797193936,0.8649622812405207,-0.3308373845776323,1.2024315851115084,-0.41533258665953915,-2.041216833749013,-1.0090338681577862,-1.8618313399208213,-0.34189873362607887,0.015317280972471484,1.6741204850437004,0.3381006317806421,-0.2089185129235016,0.8382590743069008,-2.216787052376461,0.23594979962406207,0.7816643879248767,-1.4744396436617893,1.1473301410091303,0.33701395052297023,-0.41507704902790943,0.635000495481563,2.2812459048526317,0.18343074710037285,0.25263100873625777,-0.4672841261092194,-0.8456174109863724,0.8293903368446256,-0.8598335317828202,0.07586878877204557,-0.47274370480125943,0.4864014441988323,0.3430431173586867,1.0215273668649443,7
-0.5127166076245779,-0.27272282124484004,-0.9769685722746714,-0.4491819969810639,0.3753797454743194,0.7425706761476235,-0.9236405662578253,0.8771523643232065,1.3535632294062585,0.4199916418118457,1.8689920905661377,-0.7748385853600258,-1.2340433119419505,-1.7578211857368116,1.5081853362750564,0.6546647522170637,-0.05392055309577135,0.29078921987149403,-1.1223422443509632,2.4495873804440955,0.1282427134105151,0.1073945486357287,0.7277858248200337,0.48847601906205107,0.2254036244528777,-0.7816059488882121,0.4665419481534739,1.8807989518973713,1.3442171578936828,1.5908301594176948,-0.5068408696766947,-0.9847320550986811,-0.11903026154553059,0.06444669813471404,1.0779246770807078,2
-1.698178190302579,1.5283703579299497,-0.15974335630666964,-0.4317587820272502,-1.0193175755307915,-1.6544509069772226,0.8242243830252807,0.07726229231462038,-1.2829869084657566,-1.281691958253736,-0.3379894866781624,1.6667085340591947,-0.24862778351495357,-1.4841375406083996,-0.24219167096436642,-0.27434977734976607,-2.683169046821146,-0.04345970151323306,-0.23032066965821357,0.6996933300113165,1.8438360637248616,1.1202782383994996,-0.2647362091231077,-1.1017967816884495,2.572369218832571,0.06444005459819158,0.007529829620899055,-0.0215461714665229,0.1974552426635022,-0.14770526231570727,-0.5692794578260881,-0.5419507382366302,-0.025894318262331077,-0.5361240803926594,-0.7210022664327473,0
0.10530097189428134,-0.2578112943700395,1.495108190865797,-2.6572557401865238,1.0923066240929282,1.228661162189577,-2.0765336319730117,-0.34062512785813265,-0.36760844686554195,-1.3936754110967038,-0.7789029131086985,-1.1114510204020245,1.7639532852175417,0.937925256541788,1.2825890502781294,0.7221109363768321,-1.1224889282501445,-0.5136646028737406,0.4879488575016928,-1.2190228948789399,0.7106140762981505,-0.24085185797546177,-0.3704411288995775,0.718823299189324,0.44554745799140544,-0.35394111090942326,1.156617973762762,-1.0763748820817545,0.6150972717588868,0.5901759039625645,-0.30519663616906795,0.33111110043695646,-1.245594249586087,0.9348082901997361,-0.195428140616985,7
-0.5254556108515406,1.047383840844963,-0.7037290049250321,-1.4139605127033168,-1.5659165508789603,0.5925199572898646,-1.2824237292964253,1.7663448981814793,-2.0722466828698787,1.6978840094385443,0.20742899702651554,-0.09811273267546929,-0.5340575283560233,0.4050698694268559,-0.03305702205489803,1.1045332921018725,0.11511683459400462,0.1611280075441302,-0.3626226731335092,-0.05360865460496154,0.30639323248128375,-1.704500659815094,-1.3417181260353128,0.7511831325766042,0.17244168346448854,-0.17771789259938206,0.012048973527454234,0.3494187360460354,-0.5400204675044783,-0.782010187550935,0.2001323981324816,-0.9734991134306753,0.41559660754759975,-1.6980322681056403,1.0131806904385428,7
0.47240136747849715,0.25366932025885586,0.9760486430750644,1.6619215429590914,1.0148760115331374,-1.8393251636320387,-1.2815701084047446,-0.6240323701417162,0.028563809073652996,0.5237991053476712,-0.726961809071078,0.18522050661243208,-0.7445966182143511,-0.5986392615192602,-1.4088347758185087,-0.9262103792752032,-1.3441057864117754,-0.9649979138695545,1.0506183630882946,-0.9462396587313175,2.6253753429903486,0.48969973129990946,0.18801548178502292,-0.8532006940806354,0.7013204652523828,-0.5676913995278138,0.11595831908185712,2.557505662095981,-0.09654242176577828,1.146664344210966,-0.6987778184518785,-0.030039316846219875,1.7796426513573034,-0.6198645170881324,1.7929580302663646,4
0.7081550882775011,-0.5655858712638421,0.6272721928141163,0.968562814011667,0.6208205880928339,-1.5703391206727026,-0.7283298165966113,-0.24502565933455264,-0.0716168509491373,0.6264003700595235,0.1741968380693035,-1.3361032665084296,0.3913901541012007,0.6150665078994333,0.5673143329069623,1.081965365534838,0.8315270427347851,0.46999286046646527,-0.07000706984603362,-1.6579434165360631,0.42791631747268405,0.2052732166027621,0.27457215441544497,-1.272312993030263,-1.078142739142079,1.0541085026024386,-0.04612681005702044,0.6826712632983309,0.027773697200709612,0.02651033325371163,0.9424788990585102,-0.5111340588117287,0.10312142992878091,-0.4547821233028689,-0.4439020016364406,1
-0.31136050056029596,0.21974193871104536,-0.47910436624212754,1.251943803929219,-0.9013729384174429,-0.19548842216385592,-0.4405072394447551,1.457136150799152,0.19844450607224148,1.0359290799149132,-1.4848556532807533,0.2654624793545801,0.9010052294420046,0.09039501818313692,1.0754980720135838,-0.5194225501451025,1.404326397572771,2.3096307065543904,-0.36185121196406805,-0.44224293641574763,1.4492170837879308,1.5713762980614698,-0.5181628423507516,-0.41427411733517916,-0.27972475131427016,-1.333204336578827,-0.9280538668919309,-0.9996058500153879,-0.7679443924834365,-0.0379673501480448,0.23849711839840276,1.555576570663589,-0.9925567969471508,0.9952466812587928,-0.2243843012312859,2
-0.050990245658382755,0.6728472629847594,-1.1203076203393136,0.37804445038585416,0.16372830772444769,0.47965922538639877,0.2894486590417741,2.470019692049069,-0.6329967544022722,-0.5206646887566297,-0.6246181599417601,-0.5566394328028903,-0.6265586277110496,1.1895225619335954,1.4322727466393836,-0.572991410693893,-0.8271466916399254,0.48222780424677403,-0.5506994512509326,0.636406181334771,0.2017670593594805,-1.510895722342298,1.5477619837870475,1.8056119145408884,-0.6103751875195843,-0.3805617565860291,0.2803414304408428,0.33632001652657234,0.6576846442023372,2.008085287272805,-0.17261386443175336,-0.7934091669198292,-1.373940867327713,-0.7240740841760983,-0.04433417541366115,6
1.7977306332529195,-0.5206888169381291,0.2204101431996376,-0.021040719559964283,1.189562100611017,2.501636040683258,-0.5317770152196474,-0.4880408286536982,1.0431515781734664,0.6873750271593979,1.8389797426548227,0.582176485778197,-0.34836416760564,0.5952725501258543,1.1189344329483586,0.82112625434183,0.506369565236432,1.0774609884882649,1.1659446817502908,1.3857825690410674,0.6464803570112204,-0.16795304943241526,0.14997480737260815,1.215226857982934,-0.8143040569827923,0.37256674764348163,-0.40104947987905665,0.031218216183102308,1.2772824410739951,0.1879450398026499,0.050742215369588305,-1.355013011123509,0.7539690602927449,0.6556047894069889,2.142189704855038,1
-0.30996305985828426,0.21675572932545767,0.24589577148498737,1.5738446461584736,-0.0990164694975577,0.2675412709414292,0.6086383705516418,0.19106593655305007,-0.4423447011454838,0.20152360022838697,1.0678604343900766,-1.0274339567681534,0.1440735890702164,-0.6866334310312809,1.2057032823911795,-1.5274099728866126,-0.5549607699271023,0.38802822951904575,1.5610511947174335,-0.06241504546895447,-0.5545297346879361,1.8716902866255818,-1.4413324978668793,-2.195960436182461,0.441303136050696,-0.494423618816296,-1.0309649980615037,0.7094734121681517,0.24314834954376235,-0.567662232894308,-1.2758342377889773,0.8774791348446257,0.6578110596278537,-0.0908214798376093,1.8269930235268999,5
-1.0742122536771834,-1.5295369450046339,-0.6913468779052914,-0.05022230496965604,0.24090842393197312,-0.24951870080632127,0.35242653633318327,-1.2535882753835372,1.4413885587903215,-0.07361324979977572,1.111414024167144,0.3410984150340118,0.4679728920623067,0.5745285300808906,0.45467971269828666,0.6429976767105394,1.324497453856979,0.2073454009542696,0.7069561710229052,-0.0864052555689442,1.4359817730878752,-0.6750810945712955,1.8006536618047542,-0.03358990165490526,-1.4274876608455873,0.13303037653275396,-0.6896886204862462,0.8414964836783164,-0.6528283636119249,-0.4496999720776825,-1.8849950349567,-0.44739054815442186,-2.4196494923479634,-1.579069993961737,0.7456458744354607,7
0.7864022096141158,0.4232541938813515,-0.9652317055900247,-0.052348990451268805,-0.006974203760130305,-1.1610104678307944,1.5054377700517256,0.8849438218117355,-0.2176464232610357,0.034987873487393815,0.20480100477624047,-2.0421283780554305,-0.2362093764722795,-0.668621490909471,-1.0017962270655456,-0.28274389658502824,1.7908933139941814,0.6516477233313032,-0.5696017227540039,0.5760451259550037,1.3953181590403017,0.9191978681406283,0.06307826223563102,-0.6414151019562939,0.6992361287480234,0.3972723306402958,0.8916309990655417,0.6364348348737617,1.048497684009775,-0.5388024064788337,1.3215421553907423,0.20256739493787923,2.0844376518730345,-0.6822328559005044,1.7168165548539258,3
0.19701465677110439,-0.654619549713545,-0.4842194801622293,-0.3251575666061019,0.42242371641169346,0.5098567016204653,-0.5746703099042576,-0.020852102515802495,2.137505245980371,1.7288465364495238,0.43216506219140677,0.036534171835907146,0.1311306159678977,0.6179785863188106,-1.0230731949132987,-0.25897087355753756,-1.6595590963366365,0.41003851752978127,0.6453233627529762,-0.47993438236454866,1.5695289287295562,-1.2221392936555409,-1.4576583875555547,0.23147617974955867,1.0477383790150716,1.6821760520845719,-0.4668059548996005,1.0790586724685796,-0.03901975233477906,-0.17598822961893804,0.8878618030145035,0.6573270651859777,-1.5712304841290827,1.4886321012399173,1.3625413350864717,2
-0.6285573685499829,0.393572678602663,0.48948989133108345,0.25623139081369717,-0.5557592912308981,-0.6772607604994572,-0.025730097981577306,1.1816466828938121,0.5443029006895268,-0.3609232227684969,0.7666914366823357,-2.8485187887626036,1.160232779215184,-1.7190827515807245,-0.3594650443473865,-1.123054971437517,-1.287362788071478,1.1716089819321414,-0.4664169329461796,0.34992120095668006,-0.04747485291637101,0.47349125226791877,0.08023291197266537,-1.2785674083967804,0.996961204307681,-0.48616159114094903,-1.5680376433170906,-0.42472992656394803,1.499479272777896,0.8474426480670112,-0.34429748281135353,-0.3443336851047079,-0.3150937337914757,2.090263339482867,0.3688653635707587,8
0.4297370829391813,1.0286407117354046,0.23534682069879637,-0.2638135878234483,-0.20045571732938416,-0.08092651330072974,-0.03741517100215033,0.7345337380071914,0.054330214556086776,0.7379207386021969,-0.08356681732824449,0.07714486621395995,-1.9878586983435824,0.9187075080521413,0.3529604613144601,0.9990228585604537,-2.8816279706428967,2.0991164650030942,-0.1392344118468839,1.111751830253045,-1.0380688378165366,0.6086523255888816,-1.0475804728392228,-0.6182073326893422,1.9137451972750084,-0.1843882045933385,0.21168859346479435,0.8708619380204407,0.4949036484668411,0.1472417364947548,0.3692271779792583,2.408559931305077,-0.05078718550215184,0.21016563866959434,1.0345829582392763,3
1.1069427732863346,1.1855328551569277,0.6335674787022044,-1.1483360508339306,1.6362955773148085,-1.1490650447640915,0.30293499417836095,-0.7540752604072971,-0.06135698024285752,0.3356576416436716,0.31748953056024654,0.42025285708516813,1.6253445736506287,0.4590942552470896,-0.24059741868888926,0.9650294685845017,1.1854528461843266,-1.216721502236396,0.5956684905335897,0.7046606966015382,-0.2975141649635799,1.36837009219548,-0.14615797212596945,0.13243030683929127,-0.17112811569270392,0.020987968621893973,-1.106248867444982,-1.434645938284754,1.5931776970389169,-0.8507058649783374,-0.9869580088322606,-2.148610499037573,-0.6327693408630464,-1.3176383536587268,1.6232895727911865,2
1.0109900251935007,-0.6913859392426166,2.2403314713438656,0.9777796835019212,-0.32942665729585036,-2.4938091749973252,2.2941232148201167,-1.3922457295857558,-1.6372090678369255,1.0266920472844527,2.4305241227838064,1.38210712067418,0.5751671029719367,0.5993438909927694,0.8623874572077862,0.7594448334413657,0.28131867723903176,0.11502935968691522,-0.062455928152759445,-0.75076643650376,-0.2806664101319952,-1.687361614157256,-0.09455292935723716,-0.9836586048067928,-1.10065144188607,0.18459783097808757,1.3900395490002357,0.9190145140044893,-1.5702462876113288,-0.9934538075526795,0.9449659726769963,-0.9776140586921207,-0.2179851759554627,0.559946356399361,-0.9753542076661296,8
0.10424356249529096,-1.3378597639945748,-0.6011959248646809,0.31537698447711077,-1.602419628980473,0.4280021579344401,-0.01980525307109424,0.55860188054361,0.22571028766352294,1.3668965608435106,0.1218531315538237,-0.4306330684463215,0.13339760247752225,0.5482411643876316,0.05386430002609109,0.03961615124045163,-0.6973777168373233,-0.6520392217567357,-1.3986738107677117,1.753273495296161,-1.2415349645839597,-0.6915244018839102,-0.7132906821001178,0.9031049494454075,-0.292875755159449,1.2478625440767819,-0.6821032444048175,0.2809680859315581,-0.8354601234094932,2.1431066379200785,-1.183139752137223,0.3147974827673278,0.641368703574475,0.423370182706013,-0.19581193274717773,4
-0.13155201754362267,0.04125434843512725,-0.14878480283221218,0.9598819882449179,2.215585275051298,-0.5638306541393516,-1.3719268612951439,-0.08506874332775623,2.573448072449959,-0.7922522263948615,1.6319145301386773,1.6753833332669352,-0.542729782621666,0.5737497177319827,1.6411903438880084,-0.3809749201140288,-0.2012408697449293,-0.5708227587548343,-1.0119234676964395,-0.646058543463331,-1.2216599755721638,0.03240059827275204,-0.7647460518207776,0.24082636936495133,-1.552474525893231,0.3349358790520543,0.8297682117191572,-1.9872256057431925,0.37333911146536475,1.2251046048500396,-1.2051796188855388,1.6776582354494638,0.42637469903083736,-0.6980944258640179,-0.0668746577422493,7
0.558349270520981,0.07347810907704971,0.534023302895514,-0.9258639583162053,0.1666480029038309,-1.4147908422391962,-0.11152622947834265,-0.9043839320323936,-0.7304522462098962,1.23936119685079,1.0854940700104767,0.6073733808894015,-1.0816469085344498,-0.3055577749205955,1.2238433723772666,0.1409513823096062,2.3101558296259874,0.40413349174619706,0.1914652935103464,-0.30582971687242305,0.13255203321735978,-0.15336653592948787,0.7101657493772564,0.9649894236375681,-0.7833909094962768,-1.3200435089226685,-1.8485613693801326,0.5095081980304531,-1.1033457360403505,-2.1573779720835744,0.39284185185668685,2.49815103389135,0.0008173784992989376,0.8490691660270665,0.07010620818548217,9
-0.100542146302806,0.9173306606538144,-0.2914410375878522,0.2629541930250923,0.3195652596050092,-0.6737495602343357,0.9933408485691803,-0.17213855031772698,-0.750598321929336,0.542574569063987,-0.8992488992296812,0.02671693187805277,0.0019341192237133902,1.0871102003296576,0.48180248524454883,-0.02613877018122824,0.815444914000549,1.4009797442409542,0.5561908259502308,0.013702991928608077,-1.30934426513609,-1.0621643112347297,-0.3009942914938982,-0.6039259887685604,-0.18501274416361507,0.06188256953431136,0.5249537996213764,-0.06782730574322653,0.48572799206222056,0.061248357650127476,-1.9709102169998018,-0.9344586050413131,-0.13735101928711843,-1.2039743466767026,0.5858802423596392,6
1.5332513160740604,1.21729381391913,-0.21493986701343734,1.4870625904753971,0.14587581191452087,-0.34477950046183886,-0.6144304997844149,-0.30022528897809037,-0.3842871581964102,0.17794446964658234,0.15711315810677734,0.0015947964410213918,0.4481507584462059,1.1911411067029085,0.9590001416582074,-1.4890415212054338,-2.54085595628921,0.945111979842408,-1.363048397626548,-0.22146185539187466,-1.167962364667602,-1.7959257916485951,0.5438772137065848,0.7671016025591232,-0.5741356575587854,-2.574445739761767,-0.5544473976007829,0.3935527733488541,-1.4787030235321283,0.1802014892385682,-0.010996526439888687,0.5842898408655977,0.12660681595442555,-0.9667873030472222,1.1798451577073683,7
-0.1603340525479899,-0.02992758195327356,-0.9316685222196854,-0.44817034795894595,-0.8915310030696392,-0.18164842747806,1.7140497957729093,-1.374494467067125,-1.6054806105885997,1.4734985880678197,-0.21184847413462565,-0.670176292125858,1.051332846622267,-0.5927775561216851,1.8397779640811311,0.6782738951396001,-0.4842743841645006,2.1680469684891372,-0.6040398670440764,0.7455914763602333,0.29790453630356983,1.2947162728027632,1.5617379399163915,0.03869663959258667,-0.7508541188861646,0.4634737266742202,-0.6863415915392895,2.011899517669684,0.1359365717344412,-0.36879209284578907,0.18896883316651808,-1.3422821407626437,-0.9657873932526032,1.211850728068829,-0.6653018846628471,2
-1.0509794139481032,0.5345524537417845,1.1781885229351485,0.7148011031640333,0.9964838396149344,-0.7619089979290639,-1.4240099090690121,1.5117378042610208,-0.31901419482733495,-0.24162075340466585,1.3217786562903073,0.554492637427483,0.4671071355784543,2.1588018138785454,-0.6419284671403656,0.9287071534737956,0.05816340707184066,0.2794133683407938,1.524100515302347,0.5112852060143723,0.5363324532351844,1.0664483553640705,-0.36059421538892816,-0.8340195608494758,-1.0419341194917595,-1.9524411910374186,2.0563828092196506,-1.0984757211976723,-0.2216735812257069,-0.28023349454612706,0.311680009092483,0.8207544791663086,0.8683145709921273,-0.5758707981347061,-0.17772752017951415,9
0.28189959475545073,-0.2515193764249765,1.5980161920263656,0.4866783957513263,0.7343191043198659,0.6490417316053251,1.1750352559095563,0.1854530959769624,-1.289834455947973,0.40629964612719593,-0.6527631257960654,-0.5297928896257729,0.597630029673225,1.2384505634253102,0.026139753665926083,0.3084145343843109,1.6958574126135235,0.2515754825480073,2.594276382146786,0.5689705815603454,-1.7571896617486114,0.7486276630448059,0.3839166820813191,1.2986141971577454,0.6742209212867223,-0.13238594384608848,-1.2346841891283449,-0.2060753056867865,-0.8506259415927822,-0.584116406403961,0.5928168551190349,1.6749901394230584,0.4020004486746745,-1.1901299065912085,0.4312513161159668,0
1.1982805004245287,-0.6129458579853153,-0.13585582404405866,0.010090069759685245,-0.7912460511937184,0.6345306365651849,-0.12126240431710691,0.4250429182782681,-0.881894731925536,-0.42749997082618924,0.717498881414575,-0.37408994289667624,1.738637645501071,-0.38821360502929186,0.2305560354694957,0.933467723140706,-1.410482617010406,-1.7498992554015214,-1.5213764329586317,1.2661838671609662,-0.5511964007889707,2.545879320614602,-0.5594616481303252,0.1915068570557111,1.5422211575403129,2.002958514210145,2.0616963078986656,1.208485232160894,1.0230202329874565,0.5896012685065851,0.7825759969906263,-0.5462778596443811,-0.8122035534165781,0.005207153404841357,-0.18077668194930174,6
-0.4557835386313233,0.6944352100579363,0.9487806716197442,0.0838554375690746,1.479800273927373,-1.1444373843424225,-0.19407907573675648,-0.7164523047513356,-1.8575905901898997,-0.0741406404534373,-0.12449391684601825,1.5112172254090759,0.6420935862503079,-1.0084725958255396,1.8679993075733383,1.2225096014608545,0.5808517826936485,-0.21564142764926217,-0.9567626059088715,-0.36893259366774034,1.0854593630213079,1.8751050716771023,1.5435094509247218,-0.4830551287809793,-1.1166624334882473,0.14575734884866984,-1.780577188246943,0.3250534724501666,-0.14805935036070714,-0.469564333915442,-1.5901939262128368,0.5185931898263263,-0.5263915956530493,-1.1641020921888345,-2.8707267888938692,1
-0.02898550670908395,1.7712965999639028,1.6516979131498248,-0.46199309992680304,-0.6078639189830284,0.45612774129416866,-0.99997112637303,0.30676975849543225,0.7660220858676171,1.230237863994556,-0.10295512711839724,-0.20501804291539824,-0.8672401040265559,-0.8125219321754096,-0.22283249743494998,0.36706858412257387,0.910825977843458,-0.7923111397859278,1.4884219689669582,-0.26782928713801835,-0.02198310724730851,-0.7456020255895487,-2.415465102593593,0.892207208362053,0.7378154499187328,-0.2746443115006136,0.060762086920964964,0.5174402257257341,-1.5622955161855236,-0.5326163554027835,0.798477628665205,-1.2494378436421814,0.30077567346420214,-1.3512098030092259,0.45298066482285065,7
-0.03713279373051692,-1.6192266482347177,1.1573139058848405,-0.7396641210328935,-0.8166967528079476,0.18957112681521845,1.1501627590496195,-1.0168043688632935,0.06403088596386304,0.43531174835719055,0.6882972131317058,0.1749006383854057,-0.35610268156016567,-0.8132269208810771,0.09133197802377639,-1.0754253805276242,-2.9066085554116956,0.4473735714748823,0.9013353046992617,-2.360054721651375,-1.007966285074242,0.6150057935209612,2.0566584538606545,0.027466866107306233,-0.7254663431298877,-0.1766356623111809,1.3728585448389812,-0.6421441425795823,-0.7993231449488668,-0.4862808578209817,-0.9488989869014077,0.1276321088215313,1.63335980830035,0.3324351842632234,-0.2625767706023043,1
-0.29395540359449873,-1.5672374958338737,0.8768957994078227,-0.0824939060119953,-0.18452533085715364,3.163716730955094,0.29904681137018435,-0.7515792201457403,-0.4223373478896629,1.152064116552204,0.10992928927170531,-1.438983641125241,0.9306139502191387,-0.6548764321952214,1.8872992280288623,1.0812311841665274,-0.44387010033121416,1.2917933168989721,0.06762334330928771,0.8562918219188395,0.48289818554936415,-0.8443291860034488,-0.6385937988410205,1.0383742566747423,-0.33265885916628674,-0.3964402157062573,-0.964641917460897,0.42528437417500164,2.060963664479169,-1.0714029004519277,0.028527878433639353,1.4172855651939258,-0.07283399424345122,0.46203437028403466,-1.0689811692314528,7
0.4279981126274876,-0.1899154661896125,0.97907458205579,1.1835304402421283,2.5960697384466784,0.566305296350778,0.32612940625080344,0.1988762870729227,-0.3493963773689505,0.34534021171246493,-0.2977083874333004,0.16692418753198485,1.329124974631114,-0.9909495806638641,1.1502631530403145,1.3187905072499597,-0.11611926654154978,-2.1109296034504608,-0.606140964956623,1.3006011634025283,-0.02348026096369336,-0.9966302221043184,-0.5001165243388979,0.8487069526609367,0.5479082352808455,-0.23243081506177188,-0.37444971588948295,-0.38844547914928557,-0.9224797456567012,1.6130318442348133,-0.31796908230054066,1.2222079176344482,1.5298837515636097,1.009268359598135,-0.4410389946229966,5
0.40335847369662436,-0.026815767099960672,-0.9022296067745582,0.3199572302818572,-1.1868888736075895,1.1706143324359848,-0.46542953933388037,0.20568229062409907,0.2848809518608439,-0.24966044162594678,0.5821546824000426,-0.47610764890485074,0.8826651767462755,-1.3280542272968439,0.1317660970279251,1.9418957715431517,-0.9943558923651573,-0.6668826276380804,0.5124126796170921,0.18296585732990306,0.34911842126091286,0.485586368405376,0.6369359379873086,1.1182507887833988,0.41113960417125456,-0.23474638921543445,0.6682947536396979,1.8986207488785467,-0.13309799098338845,-0.9783463868602739,1.1112548343840034,-0.11543882522187505,-2.1681634987446095,0.8580212515161554,-0.5442814054464801,4
-0.09216448003498087,0.32969031668979193,0.1872650657117325,0.7052935936053445,-0.4405031458923042,0.5001868124691049,-0.260061766485629,0.7457652537794435,0.6158247675871981,-0.9234896108391697,1.0801795481055045,-0.5371358526928754,0.8194030684008056,0.3734399199700312,1.8520119632795504,-0.22498989582470388,-0.3463122432315752,-0.0085859611904222,-0.30236135893986976,0.8034495268797467,-1.6130853888496506,-1.0507812407007553,-1.0619369740514824,0.9585836712911544,1.7105445481655763,-0.09852513560084683,-0.17580955488716044,0.07244311155550599,1.1607671376292203,-0.9311433807712154,0.24265085353918245,0.980227659788247,0.5085401038034212,0.19862089089968166,0.9851973071382426,1
-2.7115216945381446,0.67590592285854,-0.6536772326984794,-1.8363994183446524,0.5097919052737898,1.3554504223577384,-0.13778667983452633,0.960797668614052,1.6093258531471226,1.3178673737018591,1.6327601089007506,0.7402939589746005,0.0865169837384724,-1.5822813304859586,-0.24251267024936804,-0.8460576187128425,2.1624461646063446,-0.16504534694840484,0.12281591733597215,0.554943518926801,0.042830169677972284,1.6863685431503064,-0.6177381544062296,0.20158035065090288,-0.7399185303387014,-1.3088811818580928,-0.6201829977412661,-0.0344321110838243,-0.4296182118004151,-0.6960775880652741,-1.4018316792792476,-0.07816025031960172,-1.4994798958152025,0.7704483194066887,0.07071386299600267,9
-1.4626664072832756,-0.3120934226294461,-0.7513360465834344,0.31476917615306493,1.3421984818904094,-1.873412597802747,0.11505375677483859,-0.15724451737209566,0.6716059195215975,0.22055385352969073,-0.7531209639861712,-0.3203385451169429,-0.7852540731838068,1.0772897221876234,0.026180023216724593,1.904079086379667,-0.05897353122021096,-0.6975430873927655,-1.5094683247039935,-1.8001504752794928,-1.5809882082633424,0.2644616935658699,0.5112097227113501,-1.5772801212359564,0.895840851672952,-0.4755119649356851,0.1408213062665358,1.6115335818591174,0.8958606016595486,-0.2719461310740016,-0.8867703079293258,-2.1470356607215435,-0.7130490855498749,-0.20304139423069031,-0.9941047442486158,5
-0.13299194508714524,0.074325385253898,-0.22630388272497512,-0.6550215660929476,0.16593916099474318,0.4294590597442239,-1.092118094994438,1.420927589347959,-0.09568893890460699,0.026983783583910972,0.7033677962688516,0.23164584630158072,0.9645337721218321,0.2938276190305661,-0.6106943360317154,0.36119442882609437,-1.1370963981380156,0.1193877715082787,-0.03317593299115317,-0.20480999508446104,-0.12889523097378208,-1.8754578183485686,-0.543972249404187,0.09964230985565577,0.16144439942070965,-1.0177885678844967,1.2633384968171517,-0.8619152959368694,0.9684421962070829,0.424174633681881,-0.6418357639067915,1.7804049645188766,-1.1880543074839789,0.929923886928325,0.9847356141301892,0
-0.6737297006978243,1.3911582715988344,-0.2513860547533356,0.2842689955240365,0.25795550186327704,-0.14324858206227778,0.8118441588848032,0.8006908380514088,-1.7399895522519395,1.3073354352092783,-1.6613395428581956,1.0305624458977674,1.138164328653466,-1.0747933204954652,-0.408076944257919,-1.1090607434520479,-0.21252978722619323,-0.2971880579912505,0.7774128801551254,1.3139180145875202,1.3916553754606742,-0.5613381815020249,-0.20519736232972266,-1.67970393438272,-0.8032502750055723,0.966186271629472,1.6143399068165905,-1.2293544856524499,-0.5926987077240464,-0.02968351023434881,0.2844378480937481,-0.8047163472691448,0.43142227800372146,-0.4663736099177951,-0.02574328934812317,8
0.5462759164690987,0.003830489443502568,-0.43692386459144167,-0.11428663029293148,-0.09205748909908815,-0.37750219493114034,-0.25931006390654887,1.6094915340199352,0.5615629576478481,-0.2860895697652219,0.6921362709985257,-0.33509646135400284,1.1846004251536104,0.37577861703537696,-0.10306802891127632,0.447586870405236,-1.5622970608094997,-1.1158855519136,-1.1905844261703582,0.14631987327422924,1.7276753882810412,2.220357795113744,0.640258429657855,0.5083454675959844,-1.7973746821804015,-0.5348688547845594,-0.7967643403647037,-0.6170776915772114,-0.1685903173566991,-0.47562185353406444,-1.9747429857636258,0.7529220938039158,-1.067027574957194,0.2484039370892415,2.0534178739429314,7
-0.9231280345170201,-2.535230631795144,-0.2871890846955275,1.0970493013164093,1.962449152986278,-1.2317578557803548,0.4972799560553788,-0.46380269209908986,-0.10302398709306787,2.641981648074178,-1.5022215527499012,0.25215876022307937,0.4789167558883825,1.087001710094649,0.10322963385948256,0.3076304363129979,-0.38845083515149575,0.27994800741525977,-0.34226055572540554,0.6250439910172331,-0.36938749039941376,0.373971986582382,-0.025624268292686714,1.1346293934253806,-0.0495800161218973,-1.75994681792734,1.259539966492283,-0.9013937963577617,-0.6539701520748762,-0.5992628616271496,1.3785791104227056,-2.130893181413393,3.148093551227584,1.0671512353408856,0.2108810883965153,4
-0.05643437517915628,0.283221027523467,0.5164655921843451,0.6410166901511196,0.5543629051585769,0.07926476946301524,-0.1977633676830495,-0.14834492822699927,-0.19167964756717598,1.137447172489316,0.5890002365857141,-2.9403172931477823,0.6671916479916116,0.2020744996174326,-0.01403774269488278,-0.390385134082173,1.120393334869536,0.9583179550165941,-0.7707292884441903,0.41048166503680183,-0.9699840067889256,-1.3753434322899565,-0.6217972927393656,0.8705179462420234,0.9538655229937748,0.5163590413910581,0.7209859348616336,0.5176788179809325,-0.6416915478354833,0.4289055060552408,0.8046217124130663,0.759303678247778,1.197115584001784,0.7185734544940988,0.33851495194869113,8
1.0714769272022233,-0.029143575653755815,-0.8804962902074368,-0.16777763762337206,-0.7510980333851262,-0.6807938183339195,-0.14486708077868865,-0.792391881387931,-0.3043462259853812,-1.877835103677431,0.209699477171477,-0.0002447962823195697,-0.8063243777394971,0.6633920606304015,0.9469570447085315,-1.611958151368631,-0.7578336545110459,-0.7582760226406957,-0.9372817871086322,0.8329883485843576,-0.19402662655131078,-0.2649393623006221,-1.995988809482867,0.6431510912203965,-1.2361755704116275,0.06515118551627934,0.27182564898377026,1.3604736389707428,-1.30869685536001,-3.024492502421886,0.18813817505577582,1.805607270477735,1.247203578290111,0.21874631116697132,-0.5007855038704131,1
0.8077789857150182,-0.9770463330794017,0.47189349489168564,0.5011827811675453,1.0608904648876811,2.7329332611547597,0.39284559060720525,-0.5076533321958712,-0.022924844648443785,-1.7537942065846552,-0.6960096501422864,-0.41052037461274676,-0.5132193921650521,0.1599844034623098,-0.8217124236275929,1.1222988951085127,0.0016165793272227952,0.0015328824316081773,-0.327006311972105,0.15856990157221718,0.8224439456465817,-0.8650152030621512,-0.6531292138565642,-0.2976124956200437,-1.3426741939939364,-0.8102658146546334,-0.48419838103168794,0.8751747629161158,0.26189958933120167,0.19043730003719495,0.855103889632325,-0.13243080961504905,0.3977891434048429,-0.09487696524593162,0.25281546496596735,2
-0.5856442427995465,-2.4436754815558563,-0.1361166925454108,1.4190415482949341,0.9263855543501738,0.949698619619127,1.2377829118007455,0.09267130700515336,0.19920283438905875,-0.6069732112645942,-0.31832752423106386,0.6140029786532076,1.215371221874087,-0.12981161014392553,-0.4476460990165656,-0.0005307822060819832,0.5998736247721258,-1.4329590764392375,-2.2897193212940845,-0.5472981829106892,-1.2184399081925317,-0.5075380359240115,-0.1438875837776063,-0.44739272305966427,1.4526745135808115,0.3308181608868236,0.2949974331029,0.6234960532339571,-1.1387945235873436,1.0364401412515307,-0.0714434684640948,0.6754862573782037,-1.066140808300844,-1.5488544392123538,0.8028629166050066,6
0.3759682857143789,-0.9054854178695436,-0.8683372501092833,1.1215399475908523,-1.197300484214889,1.6228114116559194,-0.9020647580078854,0.6448924412259674,-0.32493252008544377,0.608985601531681,-0.545791612237336,-0.16415834545030278,0.051990180739699694,-0.9866243976367509,0.7492409998121027,-0.5153392041295792,-0.22614624922022733,-0.9834732300764445,-2.555118412209461,-0.18771749698584805,2.4061379541967156,0.7797585831266598,-0.015643286997201793,-0.25670687688377325,0.024200688517702136,0.5502466636858059,-1.1910587662372543,1.1146283985549628,0.7144932831863058,0.7153315245284884,0.4427327997260506,0.024570201997983085,0.680496033076507,0.6018074445326361,-0.3638075861650397,8
-0.5764640226740784,0.09935297466313865,1.539941662848948,-1.2444990624807002,-1.4764732328837158,0.15398285646316617,0.050822441158905496,0.17773846057556633,0.2456808128119912,-0.21410045027398275,1.4830388489157618,-1.6015255189164106,-0.8177368501414385,-0.09386878740430563,-1.646528927528224,-0.17727944203413576,1.6552985709122086,0.031718375941228574,0.2300076397103345,-1.257067426515535,-0.6155443225404156,-0.3751544686548184,-0.3134578952076749,1.2904912544039806,0.5588540207978041,-1.101211787645781,0.2408540961156399,0.4997581185946173,1.139048732540288,1.5781770258525911,-1.010656912572124,-0.805970438928613,-1.2520656397956471,-0.22598530532950406,0.4529093782271349,6
0.9884501578373713,-0.07861915751639578,-0.32088680415766696,0.14724665535907477,-0.8416820289574102,2.066930649655939,-1.6101295718790716,0.1891889396730724,2.0192469681375833,0.01498217624619064,-0.1926126317678918,-0.35871017330335503,-0.16939979871886324,1.3720912901137166,-2.218006441454861,1.5355583741430097,-1.4160485203031112,-0.2558079069916586,-0.42806904279339253,0.5920187950166625,-1.594942929466025,0.45868574833226217,2.0235437825638853,-1.358887460055095,0.19126228347412375,-0.6536651607139531,0.4208140480685237,0.02164032528769926,-0.6416968590013078,0.48488707260317376,1.808435825393033,-0.18596709770056366,0.7274443036489143,-1.2877507969650637,-0.9634995755408667,3
0.4722096756800798,1.482893953022975,0.3516684741127435,-0.31786367360446943,-0.004069235775075672,-1.2524877968113832,0.6052522877600535,0.8899370795354893,-0.4479820720126982,-0.45995355876701194,0.2621509343260226,-0.4379434799113206,-0.05509988207153367,2.0939698385212284,-0.24348063295242578,-0.36014416117453907,-0.6431763145746717,0.7549923282960065,-0.1807510681703871,-0.6461540557369752,1.3174547225233337,1.412081296656524,-0.5955600270417527,-1.8631214474222337,1.0081960585187892,-0.6762156048632256,0.7867267213078836,-1.9636409473485792,0.8916207439822319,-1.2151236228405191,0.734984941116446,0.019226184433898535,-0.9480933403436504,-0.3994121287821275,0.6718822343347177,1
0.10476383194934936,0.5823569516283555,1.9655234843392508,-1.5698394630141008,1.620014839527636,0.09394921391690225,-0.9002254102726615,-1.3327188229677887,-0.18591155404605253,0.92617517341545,-0.13028084786211738,1.508923599463737,-1.4406381333586582,-0.0033294280169651295,-1.2538063518158107,0.36332720624445813,0.8842505735010696,-0.4099106533884604,-2.5968800257329456,0.2023360791491277,0.43501950248686383,0.4010517455297849,1.2367075401744378,-1.066263381721638,0.6812481595218677,1.1928650508793741,-1.7907580790193787,0.32154460150197706,-0.5044583989021513,-0.08483177898571201,0.3519448020423827,-0.48231558823195186,-0.669556076072642,0.0428230365428227,-1.0937220371812904,1
-1.0899927289860976,0.6774052747773629,-1.1462674813545,0.6621269629817612,0.4609954308038594,-1.7249648900187031,-0.678685461117401,1.2031237838157922,-0.9752476985684707,-0.45433821172690486,0.45783715772944317,0.7815356328566081,-0.2405724393059952,-0.5847279075805323,1.4341475606297758,1.7414510316358849,0.9758015296704945,0.09614722145960189,-0.8060171405408221,-0.827261485744736,0.5205884864910945,0.4150957768195775,1.4021683076518812,0.6582090759214295,-1.499715609468378,1.0529084398694957,-1.0077182050615794,-0.3806741437888507,0.24954464393730413,1.9935399690613067,3.113844402730866,0.6117235960514473,-0.17650308392037853,0.5443630319566023,0.8723155612396165,4
-0.3228852977936271,1.794277641081366,0.2266659243361948,0.49345081856611944,0.6651029159136181,0.4092301209680947,0.8400171505884644,-0.6164327558959132,-0.5538302230500967,-1.087546663298878,0.43533458232017436,0.7770839310320642,0.46899290360111456,1.671662479041058,-0.0008603395581075309,0.6690706063609244,-1.08530848252194,-0.37625002960372894,0.6935283001490633,0.8526195263191348,-0.29392627069613736,-0.07283675514104336,-1.5110425126809626,-0.3510075874902007,0.8911906746887277,0.5782120197951126,0.49583331371420364,0.052205109180918315,0.006529101796036933,-0.6639594880486883,0.703053201744529,0.42595861367092663,0.4994548032568563,-0.5186929055686749,-2.15503415415637,6
1.098548213759844,-0.48187903363470785,-0.8614795596804883,0.6893105748629584,-0.39686381724462494,1.0436564632333325,0.6177610102480573,0.6902742050473475,-1.3587217983404285,1.215308547537624,0.25753494629787976,-0.37053576948773903,0.1544961071568867,-1.7553532457101377,0.41543136057580454,-1.0325690606522928,-1.3450869685257878,-1.5114600243050196,1.1094977503390164,-0.6260404061160568,1.529366829480028,-0.5350827315948515,-1.7001203285653048,-1.1118125550848974,1.2362500747265477,-0.14975327581854064,-0.5564968228168833,0.16222961215062315,0.5010014478195366,1.1147717023879007,1.4526310648036045,-0.35484546788212873,-1.320610751673454,-0.4058562252629083,0.2477564305122072,3
-0.9676154527235745,-0.9606358511419777,0.33989387585450853,-0.053290581687043086,0.029563982058895984,-0.7635987939914843,-0.23087356978138504,-0.9248013800693143,0.8897157030237457,1.0393202639194783,-1.8445705746826058,-0.930479695523035,-1.4860079130485733,-0.6368807950801898,-0.07908616842332906,-1.4537155624140614,-0.9162424825602293,-0.993080808710743,0.20664041585748041,0.07270645778120638,-0.7206666950590945,0.17453648009746067,-0.5419318118716377,-0.2654862717610077,1.673422969070025,1.340183572888524,-1.3102095644219236,0.8306071299594981,0.8104605395123498,-1.1521791974730573,0.8229875536010198,1.5430069902602062,-1.1168841140726677,-0.9110893884996905,1.0017381081739025,3
0.2707867069900857,0.5493897166832802,0.3367089702312677,0.38633587166279687,-1.3348828027675328,1.0311153428377935,1.1711457630215794,-0.2268157638175361,-0.04076625069602982,-1.516777123583286,0.509898943934648,0.5703118826055525,-0.051156875258525004,1.1253037286685719,-0.33096145816864375,0.5647186160523691,-1.0136006809976061,-0.012718326028075261,-0.1739006051069761,0.2287011041480251,-0.3693042840550885,-0.13245778151114893,0.8278512963113408,-0.4308801247783056,-1.6031018322615456,1.7475504680508331,1.3794573812465916,-1.287152719399433,0.6888326030886222,-0.506523614497667,0.26776597189508067,0.29919965318709874,-0.22777057380763477,-0.7770350281693054,-0.6987976443208844,0
-0.9199272221940373,-0.8351909747115493,-0.06930446462771918,-0.7208206098047036,0.681292162846475,1.4683398993308896,-0.5810327533566281,0.24410014115040657,0.5005380570194913,0.47832487645207067,0.07270857261200116,0.7408485992124051,0.4934777407365966,-1.220481279775392,0.8782055871854241,0.8880736531917384,-0.7583924185359223,0.04876897977836598,0.6813541046657309,-0.20600719577564466,1.069726770664351,2.3523714589255404,-0.7807245100451821,-1.3767888759671039,0.30525279352377493,0.7239413417670094,-0.2380539591475279,1.4528908831395906,-1.338467370986724,0.6900500489583743,-0.6014742795908151,1.7244675011818489,2.001601151136604,-0.7598853701450062,-0.5584464929270068,0
0.8603779786365366,-0.39008722248369215,-0.047631026756129353,0.020797070603350374,-1.930343422838755,-0.02351802661035068,-0.6908662075536577,-0.4917408708154488,1.441256411713671,-1.2432742781386847,0.8080928806513518,-0.28026827785784153,-0.26880381133367653,0.7936172442559615,0.3464915349989441,0.5707381623752185,0.965176847020758,-0.3204611424076865,-0.6105432119569627,-1.08201833245265,-0.8240900005885606,2.9351271551936455,1.2455858464721188,-1.3467669561798559,-1.3192862417244708,0.4852736766487605,0.5425824160766536,0.5503190895868855,-0.25535890884708423,-0.12878835585279957,0.33215029715497635,0.09085185542567935,-2.2148455975264087,-0.2217550670350911,-0.8589410291164719,3
0.1742574451420102,2.985428367506715,0.3634857375006573,-0.31833562789053077,0.921954840874001,0.4699558563424921,0.4205642208441162,0.613208427237783,2.052071659637774,-1.1181580004299545,0.46937906041099803,-0.9273515842434304,0.5667676273832732,-0.9036972365249163,-0.4146617837158315,-0.2967625704442315,0.9727740772305412,0.9292472041643294,-1.2422301454687108,0.058293361836106165,-0.7085382753267682,-1.254740572029533,-0.2129758203551285,-0.30237745819919487,2.425882575939417,0.4365773460929288,-1.3884970670725898,-0.5611160140853115,1.0203423415259019,2.0863680262744504,-1.5814752522876592,-1.8751228820895856,1.879917325128914,0.39912789954488936,-0.875751537531768,3
0.5345910525659391,-2.6407886013175577,0.0009458345395526212,0.323421313358741,0.9244328818473787,-1.0174296659917714,0.08567232610834738,-0.9259982516938751,0.25707227516283593,-0.8835575072929344,-0.41012263056877724,-0.9967499324411923,0.6624254098853615,0.8612286532419989,-0.2310143262099259,0.03725756703176475,-1.440570364993944,-0.2888307861443415,-0.050102495519715184,2.6246633526572745,-1.1099563948612592,1.4564676867544673,0.9982965512641994,0.2877576544382043,1.7585003688853391,0.37598418051416904,0.3839677912086913,-0.050483865485082734,1.2224268881451363,1.0938302147500352,-0.6212882894179758,-1.3144008143597574,-0.19630885574119858,-0.7933465239079731,-0.07459534642343334,0
1.2391911401506368,-0.46032327073457646,-0.045054322093325105,0.053452047841948624,0.8483047413452127,-2.2428448125787535,-0.6077184190866634,0.2158521245147809,1.1985363780413978,-0.4817264682318587,-1.874858580254374,0.6179412366313972,-0.6245331653525873,-1.1728153231299745,-0.622661075530205,-0.18596840238799123,-0.6005744765582599,-2.194637112344347,0.8944861091528732,1.2784772528484643,0.6492856884941564,-1.1344304866029042,-0.1974836021286673,0.00010473920383770849,0.5999134347563817,0.6709477545096695,-0.7429817892539711,0.0843626671858994,0.4565213558942637,1.453387716858172,0.7087306173749329,0.7940718184653531,0.09081376311689436,1.422394161799905,0.3965678124171678,5
-0.8646827898044556,1.4020730494235212,0.692485987677466,-0.4479319670564908,-0.48467737048631376,0.28498739963879255,0.46371696473147883,0.20179740570585838,0.31280591548788467,1.7013710198543044,1.06577712196112,0.1890873321529122,0.9527034909660126,-1.0167523861406855,0.4046527049044682,1.8120039324475914,-0.2156403921300765,-0.8367641798115205,-0.6502825241653791,-1.086501735964159,-0.7835392710421043,-0.3704859442149938,-1.3989766543014788,0.022282567593204586,0.9030719773713842,-0.8983842998626119,1.5177309712782154,0.5123033696402679,1.0295350354601742,-0.6614714879624317,0.8587307048108395,-1.0870693257621606,0.898121320924191,0.18083653201812774,0.5394122306797954,9
-1.179990974316953,-0.8984972342955609,0.5922440018679476,-0.9535558919864071,0.4616127726739133,-1.3685004218716965,0.8492642426959119,-1.2344861439509205,0.5529729283036383,0.6313393823606133,-0.6980631279748428,0.5802758511965795,0.2715917518208337,-0.5264627130977978,-1.008765099621315,-1.9677613504897482,0.349464892317703,-1.5539017592181072,0.09503419765385514,-0.2601523735650311,0.6768399546620396,-0.30231185928289994,-0.3251654211889131,0.7397700952579234,0.33645885073020976,0.32027480067971864,0.46433409542534326,-1.5299765292427245,0.7558799547860404,0.6095544570025738,-1.0122456523191938,-0.23914803596478337,-0.03245554202051249,-0.1262261764992132,0.3210056506435542,7
1.4336139951844855,1.080171706285688,-1.308989642397641,0.6178564394785113,1.3306374849308142,0.3746657844545572,1.0924222882913028,2.024985891518238,1.0227701959651527,0.25652145717630664,1.0393893873694873,0.14336323815743957,0.03496796507960265,-0.34032301597906023,1.575886614354273,-0.8211881494824274,1.5267852838056613,0.5106751314504757,-1.3953840552047159,0.37107082349065507,-2.0956363761418766,0.6213327734341065,0.8869086726919291,-0.5867401567905693,0.12517449566189387,1.951245967021735,-0.5138192705668031,-1.0542633619051553,1.4803924278488807,1.9604408524694885,0.008006638214489796,1.0164959681352221,1.349845875333282,-0.7356556816214589,-0.494483565529199,5
1.2326107918839837,1.6839784199314882,0.558044393975175,-0.8849788480145538,1.9912721851171942,-0.5374727698608948,-0.3357624037223419,0.3474991083294316,1.5514067936592573,0.8587715769577363,0.41076119277303114,0.46159923445076667,0.05458660191931007,0.5629806654567555,-2.5372713376442975,-0.2982832667897438,0.24163113104130365,-1.1401311096475566,0.38518940498071447,-0.20116363274119523,1.7505807918609277,1.5648514906683821,-0.4612307514930874,-0.1444605267519634,-0.07210976157217151,-0.444245165125236,0.1892085618060701,-0.7542378584648859,-1.1305808475047823,0.6198027131748576,0.6337629576594415,-0.7994281637696216,0.90323486717854,-0.6244861243014422,0.24067309676606324,4
0.8210340951549808,-0.03624145418584666,0.4503696257507484,-0.5213640551741263,-0.20057289633122244,-0.21435950597589692,-0.7477991581187524,-0.17396116445740892,-1.5407596334927947,-0.4809807609253377,-0.28720910649451253,-0.25749688519025343,-0.23052740915094427,-0.05266333270276083,0.48656916198132005,0.8752733625456761,-0.6453895892919831,-1.192315606454168,-1.0391338838322233,-0.48395164116915895,-0.3517410718641101,-0.768290394980475,-1.2897610423089332,-0.45027009491670594,0.1829915818626974,0.5979513828904063,-0.5656619921286086,-0.4096427602498052,-0.9267657270551772,-0.03471978684814207,-0.8440120186743253,0.5781256611577976,-1.780935142643238,-0.351893046715028,0.28840002384131075,8
0.18290251766289556,2.6929321591839464,0.34588015675968126,-1.009297756183336,-0.09918582685942537,-1.7750944823388417,-0.08085553903317023,-0.8332118405908128,0.9148214048750893,-0.5391338782631738,-0.1195249301771668,-0.6366787312895951,1.7505293960995456,-0.31035887196527884,1.8463575821981038,0.8147826887635117,0.4812772940099764,0.3795498713827999,0.3926422227156309,-1.9247081800662944,-0.2788790422473925,0.8400570818919694,-0.04521652739503013,-1.4009757574191897,-0.05058966324815701,1.7022672735609936,1.2444617927130364,-0.05934949165323644,0.9504432720309995,-0.3699782362418436,-1.6993489107037572,-0.9195880091893085,1.5715021786477983,-0.26605333866878966,-0.2536475049266794,8
-0.3020027867805846,1.9033038397900761,1.6165494633658746,2.215577666940854,-0.1630089796492415,0.2840421886365581,-1.518979205830772,1.4872282051387677,-1.161223451281783,0.22411848164860715,-1.0975802942875044,-0.5900118687195747,-0.8265053901889513,-0.5950217492137958,-0.5370181129338251,-0.550467232428988,0.8309414843890693,-1.0939818309505882,0.21987692769759837,1.2215500286329222,-0.51262772689338,-0.7164326824658263,-0.22645442482798672,1.188396911988008,0.19565904428490374,-0.5234585339093238,0.4789901908787749,-1.0975613339762904,0.6804884802691971,0.4055770064850961,-0.3034588834729228,-0.8337009455666572,-0.8807608904152512,0.5446754590998288,1.2121087002245192,9
-0.6403323451506634,0.45621385834925215,-2.080464518343525,-0.5895953163937513,-0.034535183085478365,-0.9138576427107408,-0.938002397458146,-0.6671876888660107,0.29375535176589673,-0.17837062343432766,-2.2356218800865175,-2.1210528154969968,-0.5960257661587715,0.4632180070429641,-2.756290898187603,-0.5018278126017868,-0.5224358856525757,1.399110054940473,-0.38397165108152514,0.3864135702591931,0.1402496858492798,-2.123127110978035,0.7701353933681069,0.22240525100984646,0.5094844027601299,3.9148620616805316,-2.0972670775930133,1.723785113873874,-0.2878343972554052,0.2842296153948984,-0.04119517797658724,-0.4193183155523223,-0.5635645121193501,0.33887989646142447,-1.5217201901775375,0
0.751091461289023,-0.41917791737410004,-1.1276233322562295,-0.4549052163617292,1.2585799457840734,-0.5418101358458856,0.358834029232885,-0.730650196771954,0.7578915613070157,0.6909768197496223,1.8408764384506466,-0.17692277873751025,0.6799502359962913,0.10607011056280641,1.3070256549890984,-0.7213850377027226,0.7430159695945353,-0.1838560105891183,-0.06404646095978336,0.095119067950333,0.2509656660481983,-0.11727846813640677,0.21782846263186723,1.587476778596622,0.9861556275230408,0.8708999631880133,-0.46345044962828386,-0.884935238848369,0.9542926285686518,0.8732823887591041,1.4767995138069907,-0.5990769950449392,-0.22290608607023532,-1.6347831637793309,-0.40206549771287564,1
0.9977096888406317,-0.46952551672871107,0.6353095258288597,-0.19523115133864868,0.3219334682630807,-1.1504027687833498,0.08519392212101083,-3.0010541285540735,-0.18369492887229077,-1.6157456332212952,1.1998882571188316,0.7755555712759495,0.4778942006392307,1.5192309651651834,-0.9488328305206035,1.7499321421328204,0.9293480038362174,-0.2257121769879402,1.1323645909298634,-1.1031655290967166,-0.8231957908223622,-0.6075642484711716,-0.5242674024051919,-1.0517423468197074,1.2235351210261585,-0.25226760964921907,0.3471955551089886,-0.5666822445401911,-1.820223998035849,0.26694824466776684,-1.907706463244855,-0.06368756546023444,-1.3629245786967958,2.0005791407388465,0.8959164542850581,9
0.10462281164286413,1.2622803001636236,-0.8450905772833542,0.5392160668565378,0.19721359974230399,0.252632028518611,1.2740581779325657,0.7394182936112901,0.2902981513509337,-1.6400622258300694,-0.9606713888064382,-0.1240951074115191,0.10446213250882458,-1.1137609928568821,2.4283331451641157,1.518483341549916,0.600781036314753,0.08286651914542148,-0.2116481310108583,-0.9487597317138274,0.07662665473942232,0.2551270869495939,-1.235521533408186,0.3413899954584318,-0.1533343714382804,-1.8941434522639524,-0.8695993399868333,-0.4102492586046416,1.8862137758746509,0.5536069805526563,-1.331004567172477,0.4910271664374533,-1.5421103327352401,1.093848652681205,-0.48036603006782375,2
-0.09527529391870859,1.324427822526186,-1.2840417979867398,-1.402610219368418,-0.5891802862561246,1.022231427311034,-1.5216866493726189,-2.841354585978823,-0.4470537834680716,0.5577446370551687,1.1941699970762645,-0.46437142836340256,-0.400517322888482,1.1546480659901859,-1.8741990625786322,-0.39038746099863253,0.19096535728838945,0.46003193676569254,-0.5084032025938957,0.037796181181835954,-2.483002093896082,-0.6570136665829175,0.4561118368587419,-0.9773506727831824,0.06068000104021945,0.4504303082649348,-0.350096350557213,0.17265430916090735,-0.9627819757073685,-0.2099915407608247,0.6144519375669715,0.16193749941480023,-0.5802812137915963,0.2333378272243864,0.7000465906501059,7
-2.0565658328828516,1.1575507013358253,-0.3372234415461428,0.4211519143971449,1.1984494756971118,-1.3730084341089268,-0.7106080009430354,-0.2862413248321963,-0.7785108878400887,1.736210385783438,-0.857658522702744,-0.5567090570959551,0.21551848013063288,-1.1852124131317499,-0.3928687367658305,0.317052684866469,-0.3299309495963248,-0.08254998976931834,-0.5278733353805086,-1.5114236174525755,0.32015146159856117,1.7459982203129625,0.021937948168755838,0.23228987922366956,0.6937414470589214,-1.2584067375551826,1.7015516196343086,0.20445573557962943,1.6305108666698571,-0.7367127053822287,1.822147937880893,0.780169512458543,0.5605431358705523,0.2431691405418477,-0.25876905342220236,1
1.2021906114530991,0.13789223900745406,-1.9610232172705142,-1.122501252417884,-0.18991160874781232,0.29832833440705514,-0.05680948564020092,1.2280976344961507,-1.9418666025012972,0.1512234344311457,-1.8164333197823563,0.7578696672067692,-0.08343610893800221,0.42540303940568464,-0.8633799269306744,1.2810621828297506,1.0383812536152004,0.5943516628758542,-0.1291905506298078,0.5833210786680686,-0.7058574602405581,0.8504109519315569,1.6495189650772288,1.0790940984248996,-0.7270641627686513,0.36534189879457213,-1.3037491385723003,0.5737786491627013,0.44984770090620024,-1.8741426952079197,-1.1573283775952665,-0.27820958531143913,-0.29429558662015387,-1.2037560226471646,0.37587702900504927,3
0.25071398178722726,-0.19704693734988613,-0.7549555042600677,1.0447637081674948,1.658354866403689,-0.49035474406555735,-0.6131929627667968,0.4970423725972739,-0.35424283131097856,-0.13063042131910715,0.7347269690399957,-1.9098180733753818,1.329830015849663,0.08085754418765123,-0.4087591486496894,-0.0904793059363916,-0.0359887334679985,-1.7202930375373278,1.4906652575242756,0.044682172872395204,0.44126799689703994,0.9460005263858213,-1.0153965418641606,0.4809256884395953,-0.26559634431525225,0.8486122173591709,-2.14052036610965,-0.09636575447871275,-0.6030499288420468,0.4292461056513772,0.47429733432534305,-0.7027305597736065,-0.7060619563549799,-0.10233823603444094,-0.9039737945640617,4
0.8427289245760601,-0.3721471595263686,-2.8968985359868498,-0.37966680664955055,-1.0458577329505492,-1.6310149834458987,-1.2393587028722708,0.11351605736683137,1.326658535560857,0.3201419806667103,-0.6080231220081059,0.4542187192353932,-0.44819806655552297,-0.6811509194244846,-1.155292136456497,-1.7565266997513764,-0.3867338456242736,0.16887939808350136,-0.09639011235894578,-0.41270146071896413,-0.9441357324912177,0.6041436928403475,-1.3107312256727794,0.7840034526949637,-0.9993874499619589,-0.7437299953031713,-1.4779518335371804,-0.4978706399009431,0.9742945280475245,0.5126586647380428,0.9826122286324908,0.5271363129363391,-1.0979883827319599,-0.32298419328041855,-0.7880533171057282,7
1.3325652593073531,-1.2004957078343284,0.8874381661961118,0.8889118340293004,1.833231558961719,-0.4169339033749179,0.7132153361383397,2.295585866471813,-0.6129671884077726,-1.5206941467401882,-1.8783071593526948,0.7108937126479323,-1.872767089417356,-0.36108418413820687,0.4442330748949893,0.1845002568319151,0.42491382251800885,0.2331129637266855,1.2752046551500997,-0.9491577316793973,-0.6760320313885344,-0.7709425500774267,0.8319870475418835,0.9085886010216859,0.45250202760087105,1.1838898927599986,-1.1882778939803202,1.6664272843873476,1.521946870268707,0.7327777144840205,1.7858894201008144,-1.651803831368198,-0.5181298181490196,-0.7284578780281891,0.7068852918835442,7
-1.0542174015828836,0.7555995539292515,1.3622254304233399,0.6910356546054742,0.2814739320525067,-0.9915669950101289,-0.8482170755685019,1.2588843910040346,0.7792454289720195,-0.030654016958314625,-0.41990651624407205,-2.0262096213793845,-1.0601788901168387,1.9069610730451012,-1.2820068668987825,0.18881348001065443,1.004257001344335,-1.2440351643731218,0.18414743125794938,0.9414506409719976,0.011801949512141646,2.8547758340407725,-1.6614447573172992,1.0671915780985954,-0.1708583173666659,0.7740828562024779,0.4362836383012437,-0.7291621351019406,0.22835142655403515,-1.8622210294302477,0.6074841325474492,0.3031343050725829,0.6462573606126154,1.0692176409753935,0.3546140029803518,2
0.1470663283121214,-0.884482750395609,-0.7115721936488354,1.1828785963898159,1.4384486818465054,-0.24641228998552842,0.04593040811864292,-0.9050938625685931,1.1713077154516467,0.670966221515721,1.9332506955636306,-0.8793183906720012,-0.3670866670485201,0.23853197369625426,0.65444097962248,-0.21717535603252477,-0.8675669072981675,0.8922019041210645,0.719053425187539,-0.9131082734036399,1.351511276446389,1.1637280375800432,0.1375842498727469,0.08637242694002881,0.5552246130024252,-0.8525288501413767,0.023683858085220433,-2.145556864408504,0.8754871178469728,-1.565644192143532,1.5075448541048,-0.3251945429583533,-0.20500475118344205,-0.6206331842364713,-0.29810197905923685,6
1.420745848666393,-2.4927123910457545,1.2690571808206181,0.33363008138282496,-1.2149773174175211,-1.0784686284632814,1.678683169747642,-0.9461713504401672,-1.146843761598996,1.140977448460732,0.3346416777791068,-0.9388900591444331,0.22775879848503766,-1.0100276952134988,1.111013379774052,1.0625152962417892,0.5309888686704463,0.3724780936037235,1.7561612649960345,0.0030345751982734075,-1.1796951402859255,0.4460405099984709,2.0851487978711125,-1.0098721174968839,-0.3593177808455862,0.4201344360881268,-0.06052270424687878,-0.9778122482090336,1.1207666910980258,2.3180977171876638,0.20041856657421142,-0.8991886781426116,-1.5437686902634717,0.26717747691596755,1.0875670299382323,4
0.4749781816234457,-0.005003802390554498,-0.5891519653828642,-1.0974625797980653,0.8345730779732454,0.8983900597621925,-1.5481085913310149,1.6006434966152197,0.5746697481919005,1.4022090417349244,-1.3417859849606044,-1.3665672967762243,-0.13796619270482857,0.5080059545904954,1.8099828598341385,0.7064854035631901,-0.240163350949579,-1.0154916673023935,1.2264777771008706,-0.9615492440660779,1.623879514087389,-0.2847254355165563,1.590746466235576,0.6867393884789218,-0.1350903248791266,-0.5116913337093413,-0.3484497427819214,0.4299925851042217,0.07658741089086762,-0.5974119233665117,-0.1612994502272454,0.08353529327307142,-2.1241797387461077,0.46784443683978083,-0.986679916220136,2
-1.1576720388871489,-1.6915061147260424,-1.788590958639808,-1.360913152864768,-0.7150796674508658,1.9314886683039247,-0.5267806888516936,0.182166844672069,0.401673635191177,0.13875074597493287,-0.08030198057368934,-1.196125116072386,1.4625026549923066,1.8034548021079428,-1.6861934563882484,-1.0272150476207282,-0.2771229794751527,-0.9536629499457967,0.5044928721259068,-0.7250689332049184,2.1591747867951083,1.183992164513636,0.21569389802703626,1.0353945728770773,1.1064776764565043,-0.5560512363360464,-0.8252893750187924,0.08051786288568522,0.8606750027600182,0.1358767688519465,-1.5724895364571894,-0.7979367286940002,-0.06715923386917329,-0.06725545749950691,1.9523331157436274,3
-1.3909204776033426,0.5034601496409544,1.480292318593439,2.2682805275152327,-0.40929577601684486,0.4786436943642547,0.5704469576690684,0.19997868142571293,-0.09594512861843843,0.44244201864450944,-2.5288927274491844,0.6802670244691954,0.13727939041476192,-0.2122696936629586,2.061719581185266,-0.6773955043243076,-0.39982610820274334,2.00229928313483,-0.8297453462557947,-0.5468765323973832,-0.14733861933283707,0.835652234245519,0.21093260844162415,-1.2882171434135623,-0.529841194866661,-0.5992718786723805,-0.08391396727839634,0.42752448725607495,0.41746623435992475,-1.7802847500904275,1.0681205012562855,0.2575410360377486,1.392949348956331,0.4538415150563168,1.0850241089692207,3
0.4663337731592789,1.344875867349355,0.5175889466725566,-0.10258466820149895,2.277732824981772,0.8738075840592299,0.574436794496083,-1.2784652956120546,-1.281339280834149,0.29975481723398856,0.14209846589065334,-0.6152545428265995,0.15208947932484806,1.5863870051841333,0.7035951307977568,-1.1444379008636276,-0.10958950162726513,-0.794098592034852,-0.38664217269000145,-0.4103497301290532,-0.4771625603829841,-1.2513852331924562,-0.12380511080790288,-0.5549370888915335,-2.924560062890408,2.0496364450737485,1.0858306552451307,-0.37301890631080403,0.018279118011017878,-1.1755835617661925,1.6998240611275923,1.9023925299135136,0.16376098308341178,1.0345479231713248,0.16314417231464903,8
-1.3415324334852008,-0.4148028298490602,0.1289453074979527,-0.4594429484337782,-0.22284410280193748,-0.10060312691646944,-0.08113469151643843,0.05610755015752774,-1.0544155304090137,-0.7059402393831701,-1.2843881159487287,0.9758601020429584,-2.0953433694700836,1.154339807926657,1.397949461124402,-0.30386796852111625,-2.5898473141371396,-0.3504620133152496,-0.06404245651094896,-1.0074511781515116,-0.5146448866231832,1.5222074348621928,0.6670768482622726,-0.9195211992626369,-1.5941334931577724,-0.320137971320115,-0.22058831422442152,0.4977395942657326,-0.5355797200946559,0.5085278031999019,1.9392255379207861,0.8205182701663719,-0.04124641694858327,-0.1749952625540455,-0.3664281945432314,8
